num_procs,Total time
2,2.142019
4,12.158734
8,48.242779
16,178.481518
32,676.783732
64,2608.11896
128,20572.852104
256,162957.004855
