num_procs,Total time,Speedup
2,165.16059,2.0
4,493.020856,0.6699943338705331
8,1153.831956,0.2862818786412603
16,2480.835018,0.13314919275297007
32,5166.723108,0.06393243320675353
64,10551.669903,0.031305109336872326
128,21461.816813,0.015391109843036009
256,43207.303485,0.00764503112569095
512,86834.881717,0.003804014855188451
