num_procs,Total time
2,0.071205
4,0.22797
8,0.487382
16,1.129381
32,2.861368
64,4.864846
128,15.338472
256,214.502844
512,41.975056
