num_procs,Total time
2,0.776912
4,1.515233
8,3.867092
16,13.502935
32,53.61791
64,115.966988
128,301.046517
256,673.891854
512,1348.92353
