num_procs,Total time
2,165.16059
4,493.020856
8,1153.831956
16,2480.835018
32,5166.723108
64,10551.669903
128,21461.816813
256,43207.303485
512,86834.881717
