num_procs,Total time
2,339.269261
4,330.897802
8,329.846372
16,341.673837
32,399.634733
64,499.274106
128,795.929383
256,1323.100312
512,2476.847573
