num_procs,Total time,Speedup
2,0.776912,2.0
4,1.515233,1.025468690293836
8,3.867092,0.40180683573082826
16,13.502935,0.11507305633923291
32,53.61791,0.028979570445770826
64,115.966988,0.013398847609976729
128,301.046517,0.005161408328135549
256,673.891854,0.0023057468209134934
512,1348.92353,0.0011518992481360305
