num_procs,Total time
2.0,339.269261
4.0,330.897802
8.0,329.846372
16.0,341.673837
32.0,399.634733
64.0,499.274106
128.0,795.929383
256.0,1323.100312
512.0,2476.847573
