num_procs,Total time
32.0,5354.584314
64.0,5403.717745
128.0,5581.598829
256.0,958.02319
512.0,23139.153801
