num_procs,Total time
2.0,37.977811
4.0,64.602089
8.0,119.753091
16.0,228.972066
32.0,472.041263
64.0,1868.699255
128.0,7432.338116
256.0,8419.37038
