num_procs,Total time,Speedup
2.0,37.977811,2.0
4.0,64.602089,1.175745601663129
8.0,119.753091,0.6342685718233361
16.0,228.972066,0.3317244034475367
32.0,472.041263,0.1609088610543778
64.0,1868.699255,0.040646252625599726
128.0,7432.338116,0.010219613372605612
256.0,8419.37038,0.00902153232033011
