num_procs,Total time
2,1.300997
4,1.670342
8,3.957729
16,14.168559
32,50.566661
64,105.785064
128,407.464254
256,975.863398
512,1421.108328
