num_procs,Total time
2,528.230664
4,157.131691
8,129.588754
16,150.207633
32,277.845142
64,517.895235
128,1063.525411
256,2787.716209
512,7707.753628
